ticket,strategy,direction,open_time,close_time,open_price,close_price,lots,sl,tp,profit,close_reason,regime
1,QUANT,BUY,2026-01-05 08:00:00,2026-01-05 09:00:00,2723.1200000000003,2712.5750000000003,0.01,2712.5750000000003,2744.12,-105.45000000000073,SL,RANGE
2,ORB,SELL,2026-01-05 09:00:00,2026-01-05 17:00:00,2712.37,2701.6200000000003,0.01,2724.92,2701.6200000000003,107.49999999999545,TP,RANGE
3,QUANT,BUY,2026-01-06 09:00:00,2026-01-06 13:00:00,2710.69,2699.224642857143,0.01,2699.224642857143,2733.530714285714,-114.65357142857101,SL,RANGE
4,ORB,BUY,2026-01-06 09:00:00,2026-01-06 14:00:00,2710.69,2683.5899999999997,0.01,2683.5899999999997,2758.6000000000004,-271.00000000000364,SL,RANGE
5,ORB,SELL,2026-01-07 09:00:00,2026-01-07 10:00:00,2716.33,2722.1000000000004,0.01,2722.1000000000004,2706.2999999999997,-57.700000000004366,SL,RANGE
6,ORB,BUY,2026-01-07 10:00:00,2026-01-07 12:00:00,2723.8900000000003,2716.97,0.02,2716.97,2733.9200000000005,-138.40000000001055,SL,RANGE
7,ORB,SELL,2026-01-08 09:00:00,2026-01-08 10:00:00,2682.54,2700.0800000000004,0.01,2700.0800000000004,2661.0899999999997,-175.40000000000418,SL,RANGE
8,QUANT,BUY,2026-01-08 10:00:00,2026-01-08 13:00:00,2702.3100000000004,2730.4157142857143,0.01,2688.212142857143,2730.4157142857143,281.0571428571393,TP,RANGE
9,ORB,BUY,2026-01-08 10:00:00,2026-01-08 13:00:00,2702.3100000000004,2723.7600000000007,0.01,2689.24,2723.7600000000007,214.50000000000273,TP,RANGE
10,QUANT,BUY,2026-01-08 14:00:00,2026-01-08 18:00:00,2729.19,2763.8121428571426,0.01,2711.8339285714283,2763.8121428571426,346.22142857142535,TP,RANGE
11,QUANT,BUY,2026-01-08 18:00:00,2026-01-08 22:00:00,2771.73,2752.12,0.01,2748.747857142857,2817.6042857142857,-196.10000000000127,TIME,RANGE
12,QUANT,SELL,2026-01-09 07:00:00,2026-01-09 09:00:00,2737.91,2751.419642857143,0.01,2751.419642857143,2710.9807142857144,-135.09642857143263,SL,RANGE
13,ORB,BUY,2026-01-09 09:00:00,2026-01-09 11:00:00,2754.51,2736.85,0.01,2736.85,2770.6599999999994,-176.6000000000031,SL,RANGE
14,QUANT,SELL,2026-01-12 09:00:00,2026-01-12 13:00:00,2730.3399999999997,2741.595357142857,0.01,2741.595357142857,2707.9192857142857,-112.5535714285752,SL,RANGE
15,QUANT,BUY,2026-01-12 13:00:00,2026-01-12 17:00:00,2741.44,2762.24,0.01,2727.6046428571426,2769.0207142857143,207.99999999999727,TIME,RANGE
17,QUANT,BUY,2026-01-12 17:00:00,2026-01-12 20:00:00,2762.27,2747.730714285714,0.01,2747.730714285714,2791.2585714285715,-145.39285714286052,SL,RANGE
16,ORB,BUY,2026-01-12 16:00:00,2026-01-13 04:00:00,2757.57,2764.09,0.01,2732.41,2781.8999999999996,65.19999999999982,TIME,RANGE
18,QUANT,BUY,2026-01-13 00:00:00,2026-01-13 04:00:00,2758.36,2764.09,0.01,2745.0325,2784.925,57.30000000000018,TIME,RANGE
19,ORB,BUY,2026-01-13 09:00:00,2026-01-13 12:00:00,2767.9,2761.5499999999997,0.01,2761.5499999999997,2776.8100000000004,-63.50000000000364,SL,RANGE
20,QUANT,BUY,2026-01-13 10:00:00,2026-01-13 12:00:00,2768.84,2760.2675,0.02,2760.2675,2785.895,-171.45000000000437,SL,RANGE
21,QUANT,SELL,2026-01-13 12:00:00,2026-01-13 14:00:00,2753.04,2763.6825000000003,0.01,2763.6825000000003,2731.8450000000003,-106.42500000000382,SL,RANGE
22,ORB,SELL,2026-01-14 10:00:00,2026-01-14 11:00:00,2806.4199999999996,2813.23,0.01,2813.23,2797.91,-68.100000000004,SL,RANGE
23,ORB,BUY,2026-01-14 11:00:00,2026-01-14 14:00:00,2816.57,2808.8599999999997,0.01,2808.8599999999997,2825.08,-77.10000000000491,SL,RANGE
24,QUANT,SELL,2026-01-15 08:00:00,2026-01-15 09:00:00,2815.7999999999997,2827.9135714285712,0.01,2827.9135714285712,2791.6628571428573,-121.13571428571504,SL,RANGE
25,QUANT,BUY,2026-01-15 09:00:00,2026-01-15 13:00:00,2831.3300000000004,2826.04,0.01,2817.26,2859.38,-52.900000000004184,TIME,RANGE
26,ORB,BUY,2026-01-15 09:00:00,2026-01-15 20:00:00,2831.3300000000004,2812.0699999999997,0.01,2812.0699999999997,2857.5,-192.60000000000673,SL,RANGE
27,ORB,BUY,2026-01-16 11:00:00,2026-01-16 13:00:00,2832.13,2806.16,0.01,2806.16,2853.4,-259.70000000000255,SL,RANGE
28,ORB,SELL,2026-01-19 11:00:00,2026-01-19 13:00:00,2736.14,2751.0800000000004,0.01,2751.0800000000004,2711.67,-149.4000000000051,SL,RANGE
29,ORB,BUY,2026-01-20 09:00:00,2026-01-20 13:00:00,2793.84,2784.81,0.01,2784.81,2810.0499999999997,-90.300000000002,SL,RANGE
31,ORB,SELL,2026-01-21 09:00:00,2026-01-21 12:00:00,2801.8799999999997,2798.0370000000003,0.01,2810.09325,2798.0370000000003,38.429999999993925,TP,RANGE
30,QUANT,SELL,2026-01-21 09:00:00,2026-01-21 13:00:00,2801.8799999999997,2792.94,0.01,2811.886071428571,2781.957857142857,89.399999999996,TIME,RANGE
32,QUANT,SELL,2026-01-21 13:00:00,2026-01-21 15:00:00,2792.91,2804.1867857142856,0.01,2804.1867857142856,2770.4464285714284,-112.76785714285779,SL,RANGE
33,QUANT,BUY,2026-01-21 15:00:00,2026-01-21 16:00:00,2808.07,2796.8960714285713,0.01,2796.8960714285713,2830.327857142857,-111.7392857142886,SL,RANGE
34,ORB,BUY,2026-01-21 15:00:00,2026-01-21 18:00:00,2808.07,2791.4199999999996,0.01,2791.4199999999996,2820.46,-166.50000000000546,SL,RANGE
35,ORB,BUY,2026-01-22 09:00:00,2026-01-22 21:00:00,2789.21,2786.83,0.01,2770.21,2814.3199999999993,-23.80000000000109,TIME,RANGE
37,QUANT,BUY,2026-01-23 13:00:00,2026-01-23 14:00:00,2791.8,2775.182142857143,0.01,2775.182142857143,2824.945714285714,-166.17857142857247,SL,RANGE
38,QUANT,SELL,2026-01-23 14:00:00,2026-01-23 18:00:00,2781.0,2772.41,0.01,2798.5532142857146,2745.983571428572,85.90000000000146,TIME,RANGE
36,ORB,BUY,2026-01-23 09:00:00,2026-01-23 21:00:00,2787.92,2771.58,0.01,2764.97,2830.2899999999995,-163.40000000000146,TIME,RANGE
39,QUANT,SELL,2026-01-26 09:00:00,2026-01-26 13:00:00,2761.72,2761.28,0.01,2770.838928571429,2743.572142857143,4.399999999995998,TIME,RANGE
41,QUANT,SELL,2026-01-26 16:00:00,2026-01-26 17:00:00,2756.6499999999996,2765.9757142857143,0.01,2765.9757142857143,2738.0885714285714,-93.25714285714639,SL,RANGE
40,ORB,SELL,2026-01-26 09:00:00,2026-01-26 18:00:00,2761.72,2770.09,0.01,2770.09,2752.6499999999996,-83.70000000000346,SL,RANGE
42,ORB,BUY,2026-01-27 09:00:00,2026-01-27 10:00:00,2801.03,2785.06,0.01,2785.06,2827.38,-159.70000000000255,SL,RANGE
43,ORB,SELL,2026-01-27 10:00:00,2026-01-27 18:00:00,2782.5899999999997,2756.24,0.01,2798.3500000000004,2756.24,263.4999999999991,TP,RANGE
44,QUANT,BUY,2026-01-27 20:00:00,2026-01-28 00:00:00,2802.19,2795.77,0.01,2780.7325,2845.015,-64.20000000000073,TIME,RANGE
45,QUANT,BUY,2026-01-29 08:00:00,2026-01-29 09:00:00,2799.6400000000003,2789.003928571429,0.01,2789.003928571429,2820.8221428571433,-106.3607142857154,SL,RANGE
46,ORB,SELL,2026-01-29 09:00:00,2026-01-29 21:00:00,2784.4599999999996,2799.34,0.01,2807.4500000000003,2747.5699999999997,-148.80000000000564,TIME,RANGE
47,QUANT,BUY,2026-01-30 08:00:00,2026-01-30 12:00:00,2830.8300000000004,2835.55,0.01,2818.7110714285714,2854.9778571428574,47.199999999998,TIME,RANGE
48,QUANT,BUY,2026-01-30 13:00:00,2026-01-30 14:00:00,2842.13,2828.4564285714287,0.01,2828.4564285714287,2869.387142857143,-136.7357142857145,SL,RANGE
49,ORB,SELL,2026-01-30 14:00:00,2026-01-30 16:00:00,2833.24,2813.4700000000007,0.01,2843.25,2813.4700000000007,197.69999999999072,TP,RANGE
50,QUANT,BUY,2026-01-30 19:00:00,2026-01-30 23:00:00,2817.71,2811.71,0.01,2798.9846428571427,2855.070714285714,-60.0,TIME,RANGE
51,ORB,BUY,2026-02-02 09:00:00,2026-02-02 14:00:00,2837.42,2848.6699999999996,0.01,2821.79,2848.6699999999996,112.49999999999545,TP,RANGE
52,QUANT,BUY,2026-02-02 12:00:00,2026-02-02 16:00:00,2836.05,2860.272857142857,0.01,2823.8935714285717,2860.272857142857,242.2285714285681,TP,RANGE
53,QUANT,BUY,2026-02-02 16:00:00,2026-02-02 20:00:00,2860.7200000000003,2870.3,0.01,2846.1025,2889.8650000000002,95.79999999999927,TIME,RANGE
54,QUANT,BUY,2026-02-02 20:00:00,2026-02-03 00:00:00,2870.3300000000004,2855.97,0.01,2850.7228571428573,2909.454285714286,-143.60000000000582,TIME,RANGE
56,QUANT,BUY,2026-02-04 11:00:00,2026-02-04 13:00:00,2872.4700000000003,2858.985,0.01,2858.985,2899.3500000000004,-134.85000000000127,SL,RANGE
55,ORB,BUY,2026-02-04 09:00:00,2026-02-04 18:00:00,2858.09,2828.7799999999997,0.01,2828.7799999999997,2901.4600000000005,-293.100000000004,SL,RANGE
57,QUANT,BUY,2026-02-05 12:00:00,2026-02-05 15:00:00,2840.7400000000002,2828.2428571428572,0.01,2828.2428571428572,2865.644285714286,-124.9714285714299,SL,RANGE
58,QUANT,BUY,2026-02-06 01:00:00,2026-02-06 04:00:00,2837.8100000000004,2826.9778571428574,0.01,2826.9778571428574,2859.384285714286,-108.32142857143026,SL,RANGE
59,QUANT,SELL,2026-02-09 09:00:00,2026-02-09 10:00:00,2804.1499999999996,2816.160714285714,0.01,2816.160714285714,2780.2185714285715,-120.10714285714585,SL,RANGE
60,ORB,SELL,2026-02-09 09:00:00,2026-02-09 10:00:00,2804.1499999999996,2817.88,0.01,2817.88,2787.86,-137.30000000000473,SL,RANGE
61,ORB,BUY,2026-02-09 10:00:00,2026-02-09 12:00:00,2818.27,2809.62,0.01,2809.62,2834.5599999999995,-86.50000000000091,SL,RANGE
62,QUANT,SELL,2026-02-10 03:00:00,2026-02-10 07:00:00,2792.91,2794.36,0.01,2808.585,2761.65,-14.500000000002728,TIME,RANGE
63,ORB,BUY,2026-02-10 09:00:00,2026-02-10 12:00:00,2804.7400000000002,2791.35,0.01,2791.35,2823.67,-133.90000000000327,SL,RANGE
64,ORB,BUY,2026-02-11 14:00:00,2026-02-11 16:00:00,2791.86,2800.6900000000005,0.01,2783.9199999999996,2800.6900000000005,88.30000000000382,TP,RANGE
65,QUANT,BUY,2026-02-11 15:00:00,2026-02-11 18:00:00,2794.4500000000003,2783.6414285714286,0.01,2783.6414285714286,2815.977142857143,-108.08571428571668,SL,RANGE
66,QUANT,SELL,2026-02-11 19:00:00,2026-02-11 23:00:00,2771.14,2771.16,0.01,2784.599285714286,2744.3114285714287,-0.1999999999998181,TIME,RANGE
67,QUANT,BUY,2026-02-12 09:00:00,2026-02-12 10:00:00,2775.9,2795.4792857142857,0.01,2766.065357142857,2795.4792857142857,195.7928571428556,TP,RANGE
68,ORB,BUY,2026-02-12 09:00:00,2026-02-12 10:00:00,2775.9,2789.29,0.01,2760.5499999999997,2789.29,133.89999999999873,TP,RANGE
69,QUANT,SELL,2026-02-12 15:00:00,2026-02-12 17:00:00,2769.56,2786.0857142857144,0.01,2786.0857142857144,2736.598571428571,-165.25714285714457,SL,RANGE
70,QUANT,BUY,2026-02-12 17:00:00,2026-02-12 21:00:00,2793.4100000000003,2814.54,0.01,2772.937142857143,2834.2657142857147,211.29999999999654,TIME,RANGE
71,QUANT,SELL,2026-02-13 09:00:00,2026-02-13 13:00:00,2790.2,2791.56,0.01,2799.2278571428574,2772.2342857142858,-13.600000000001273,TIME,RANGE
72,ORB,BUY,2026-02-13 14:00:00,2026-02-13 17:00:00,2792.7900000000004,2798.6400000000003,0.01,2788.8599999999997,2798.6400000000003,58.49999999999909,TP,RANGE
73,QUANT,SELL,2026-02-13 15:00:00,2026-02-13 17:00:00,2791.5,2799.099642857143,0.01,2799.099642857143,2776.3907142857142,-75.99642857142953,SL,RANGE
74,QUANT,BUY,2026-02-13 17:00:00,2026-02-13 20:00:00,2798.07,2813.7942857142857,0.01,2790.162857142857,2813.7942857142857,157.24285714285543,TP,RANGE
75,QUANT,BUY,2026-02-13 20:00:00,2026-02-16 00:00:00,2825.78,2825.5,0.01,2815.6935714285714,2845.8628571428576,-2.800000000002001,TIME,RANGE
76,QUANT,SELL,2026-02-16 10:00:00,2026-02-16 14:00:00,2810.16,2811.31,0.01,2819.1150000000002,2792.34,-11.50000000000091,TIME,RANGE
77,ORB,SELL,2026-02-16 10:00:00,2026-02-16 15:00:00,2810.16,2795.149999999999,0.01,2834.3100000000004,2795.149999999999,150.10000000000673,TP,RANGE
78,QUANT,SELL,2026-02-16 17:00:00,2026-02-16 21:00:00,2784.79,2782.69,0.01,2798.149642857143,2758.160714285714,20.99999999999909,TIME,RANGE
79,QUANT,SELL,2026-02-17 08:00:00,2026-02-17 11:00:00,2769.85,2752.4307142857147,0.01,2778.604642857143,2752.4307142857147,174.19285714285252,TP,RANGE
80,ORB,SELL,2026-02-17 09:00:00,2026-02-17 11:00:00,2760.48,2747.210000000001,0.01,2775.73,2747.210000000001,132.69999999999072,TP,RANGE
81,QUANT,SELL,2026-02-17 11:00:00,2026-02-17 15:00:00,2745.4399999999996,2755.997857142857,0.01,2755.997857142857,2724.4142857142856,-105.57857142857301,SL,RANGE
82,ORB,BUY,2026-02-17 14:00:00,2026-02-17 17:00:00,2752.17,2761.4199999999996,0.01,2742.96,2761.4199999999996,92.49999999999545,TP,RANGE
83,QUANT,SELL,2026-02-17 18:00:00,2026-02-17 20:00:00,2767.91,2781.2964285714284,0.01,2781.2964285714284,2741.227142857143,-133.86428571428496,SL,RANGE
84,QUANT,BUY,2026-02-17 20:00:00,2026-02-18 00:00:00,2791.34,2797.68,0.01,2774.842142857143,2824.2457142857143,63.39999999999691,TIME,RANGE
86,QUANT,BUY,2026-02-18 11:00:00,2026-02-18 13:00:00,2790.7200000000003,2781.2057142857143,0.01,2781.2057142857143,2809.6585714285716,-95.14285714285961,SL,RANGE
85,ORB,SELL,2026-02-18 09:00:00,2026-02-18 18:00:00,2785.2799999999997,2772.9500000000003,0.01,2793.92,2772.9500000000003,123.29999999999472,TP,RANGE
87,QUANT,BUY,2026-02-18 16:00:00,2026-02-18 18:00:00,2786.84,2774.7725,0.01,2774.7725,2810.885,-120.67500000000109,SL,RANGE
88,QUANT,SELL,2026-02-18 18:00:00,2026-02-18 22:00:00,2777.91,2778.26,0.01,2790.3889285714286,2753.0421428571426,-3.500000000003638,TIME,RANGE
89,ORB,SELL,2026-02-19 09:00:00,2026-02-19 10:00:00,2751.83,2741.8399999999997,0.01,2763.3100000000004,2741.8399999999997,99.90000000000236,TP,RANGE
90,QUANT,SELL,2026-02-19 10:00:00,2026-02-19 12:00:00,2738.2999999999997,2717.6192857142855,0.01,2748.685357142857,2717.6192857142855,206.80714285714203,TP,RANGE
91,QUANT,SELL,2026-02-19 12:00:00,2026-02-19 13:00:00,2724.54,2736.943928571429,0.01,2736.943928571429,2699.822142857143,-124.03928571428878,SL,RANGE
93,QUANT,BUY,2026-02-19 18:00:00,2026-02-19 22:00:00,2758.9500000000003,2758.85,0.01,2740.0382142857143,2796.6835714285717,-1.000000000003638,TIME,RANGE
92,ORB,BUY,2026-02-19 14:00:00,2026-02-20 02:00:00,2751.42,2760.05,0.01,2721.68,2792.6299999999997,86.30000000000109,TIME,RANGE
94,QUANT,SELL,2026-02-20 11:00:00,2026-02-20 13:00:00,2751.9399999999996,2759.74,0.01,2759.74,2736.43,-78.00000000000182,SL,RANGE
95,QUANT,BUY,2026-02-20 14:00:00,2026-02-20 18:00:00,2767.8100000000004,2779.41,0.01,2757.1064285714288,2789.127142857143,115.99999999999454,TIME,RANGE
96,ORB,BUY,2026-02-20 14:00:00,2026-02-23 00:00:00,2767.8100000000004,2785.85,0.01,2743.9199999999996,2809.6600000000003,180.3999999999951,TIME,RANGE
97,QUANT,SELL,2026-02-23 09:00:00,2026-02-23 13:00:00,2779.33,2788.4928571428572,0.01,2788.4928571428572,2761.094285714286,-91.6285714285732,SL,RANGE
98,ORB,SELL,2026-02-23 09:00:00,2026-02-23 16:00:00,2779.33,2752.8399999999997,0.01,2794.6200000000003,2752.8399999999997,264.90000000000236,TP,RANGE
99,QUANT,SELL,2026-02-23 14:00:00,2026-02-23 16:00:00,2756.25,2769.6085714285714,0.01,2769.6085714285714,2729.6228571428574,-133.58571428571395,SL,RANGE
100,QUANT,BUY,2026-02-23 16:00:00,2026-02-23 20:00:00,2774.28,2767.07,0.01,2756.6657142857143,2809.4185714285713,-72.10000000000036,TIME,RANGE
101,QUANT,SELL,2026-02-24 08:00:00,2026-02-24 12:00:00,2768.4399999999996,2782.2217857142855,0.01,2782.2217857142855,2740.9664285714284,-137.81785714285888,SL,RANGE
102,QUANT,BUY,2026-02-24 12:00:00,2026-02-24 16:00:00,2779.32,2780.85,0.01,2765.967857142857,2805.9342857142856,15.299999999997453,TIME,RANGE
103,ORB,SELL,2026-02-25 09:00:00,2026-02-25 16:00:00,2722.43,2735.82,0.01,2735.82,2712.42,-133.90000000000327,SL,RANGE
104,QUANT,BUY,2026-02-25 16:00:00,2026-02-25 20:00:00,2741.05,2742.48,0.01,2725.8517857142856,2771.3564285714288,14.299999999998363,TIME,RANGE
105,QUANT,SELL,2026-02-26 08:00:00,2026-02-26 10:00:00,2706.7999999999997,2718.2160714285715,0.01,2718.2160714285715,2684.057857142857,-114.1607142857174,SL,RANGE
106,QUANT,BUY,2026-02-27 08:00:00,2026-02-27 11:00:00,2723.44,2715.2671428571425,0.01,2715.2671428571425,2739.695714285714,-81.72857142857538,SL,RANGE
107,QUANT,SELL,2026-02-27 11:00:00,2026-02-27 13:00:00,2714.72,2699.225,0.01,2722.5125,2699.225,154.9499999999989,TP,RANGE
108,ORB,SELL,2026-02-27 11:00:00,2026-02-27 13:00:00,2714.72,2704.13,0.01,2726.98,2704.13,105.89999999999691,TP,RANGE
109,QUANT,SELL,2026-02-27 15:00:00,2026-02-27 19:00:00,2664.72,2672.41,0.01,2679.2946428571427,2635.6607142857147,-76.90000000000055,TIME,RANGE
110,QUANT,SELL,2026-03-02 07:00:00,2026-03-02 11:00:00,2675.5899999999997,2657.73,0.01,2684.677857142857,2657.5042857142857,178.59999999999673,TIME,RANGE
111,ORB,SELL,2026-03-02 09:00:00,2026-03-02 15:00:00,2662.7099999999996,2642.24,0.01,2676.92,2642.24,204.699999999998,TP,RANGE
112,QUANT,SELL,2026-03-02 11:00:00,2026-03-02 15:00:00,2657.7,2641.24,0.01,2667.3075,2638.5750000000003,164.60000000000036,TIME,RANGE
113,QUANT,SELL,2026-03-02 15:00:00,2026-03-02 17:00:00,2641.2099999999996,2652.0624999999995,0.01,2652.0624999999995,2619.595,-108.52499999999964,SL,RANGE
114,QUANT,BUY,2026-03-02 19:00:00,2026-03-02 23:00:00,2668.78,2665.16,0.01,2651.6414285714286,2702.967142857143,-36.200000000003456,TIME,RANGE
115,QUANT,BUY,2026-03-02 23:00:00,2026-03-03 03:00:00,2665.19,2665.6,0.01,2650.892857142857,2693.6942857142853,4.099999999998545,TIME,RANGE
116,QUANT,SELL,2026-03-03 08:00:00,2026-03-03 12:00:00,2652.68,2641.02,0.01,2663.770357142857,2630.589285714286,116.59999999999854,TIME,RANGE
118,QUANT,SELL,2026-03-03 12:00:00,2026-03-03 14:00:00,2640.99,2651.9089285714285,0.01,2651.9089285714285,2619.242142857143,-109.18928571428751,SL,RANGE
117,ORB,SELL,2026-03-03 11:00:00,2026-03-03 19:00:00,2645.41,2667.75,0.01,2667.75,2610.7600000000007,-223.40000000000146,SL,RANGE
119,QUANT,BUY,2026-03-03 18:00:00,2026-03-03 22:00:00,2663.73,2664.66,0.01,2644.2225,2702.6549999999997,9.299999999998363,TIME,RANGE
120,ORB,BUY,2026-03-04 10:00:00,2026-03-04 17:00:00,2670.19,2675.5,0.02,2663.2,2675.5,106.19999999999891,TP,RANGE
121,QUANT,BUY,2026-03-04 14:00:00,2026-03-04 17:00:00,2671.4700000000003,2664.2282142857143,0.02,2664.2282142857143,2685.8635714285715,-144.8357142857185,SL,RANGE
122,QUANT,SELL,2026-03-04 20:00:00,2026-03-05 00:00:00,2664.1499999999996,2663.68,0.01,2674.3596428571427,2643.820714285714,4.699999999997999,TIME,RANGE
123,QUANT,SELL,2026-03-05 00:00:00,2026-03-05 04:00:00,2663.6499999999996,2644.9814285714283,0.01,2673.029285714286,2644.9814285714283,186.6857142857134,TP,RANGE
125,QUANT,BUY,2026-03-05 13:00:00,2026-03-05 15:00:00,2654.5400000000004,2644.483571428572,0.01,2644.483571428572,2674.5628571428574,-100.56428571428569,SL,RANGE
124,ORB,BUY,2026-03-05 11:00:00,2026-03-05 18:00:00,2648.2200000000003,2667.47,0.01,2637.83,2667.47,192.49999999999545,TP,RANGE
126,QUANT,BUY,2026-03-05 17:00:00,2026-03-05 21:00:00,2661.17,2663.13,0.01,2649.452857142857,2684.5142857142855,19.600000000000364,TIME,RANGE
127,QUANT,SELL,2026-03-06 09:00:00,2026-03-06 12:00:00,2634.45,2644.068214285714,0.01,2644.068214285714,2615.3035714285716,-96.18214285714203,SL,RANGE
128,ORB,SELL,2026-03-06 09:00:00,2026-03-06 12:00:00,2634.45,2648.77,0.01,2648.77,2621.48,-143.20000000000164,SL,RANGE
129,QUANT,SELL,2026-03-09 05:00:00,2026-03-09 09:00:00,2634.4199999999996,2620.04,0.01,2645.0325,2613.285,143.79999999999654,TIME,RANGE
130,ORB,SELL,2026-03-09 09:00:00,2026-03-09 14:00:00,2620.0099999999998,2626.4900000000002,0.01,2626.4900000000002,2614.34,-64.80000000000473,SL,RANGE
131,QUANT,SELL,2026-03-09 11:00:00,2026-03-09 14:00:00,2617.39,2625.4621428571427,0.01,2625.4621428571427,2601.3357142857144,-80.72142857142808,SL,RANGE
132,QUANT,SELL,2026-03-09 17:00:00,2026-03-09 19:00:00,2596.9399999999996,2611.836071428571,0.01,2611.836071428571,2567.237857142857,-148.96071428571304,SL,RANGE
133,ORB,SELL,2026-03-10 09:00:00,2026-03-10 17:00:00,2610.73,2625.67,0.01,2625.67,2583.5600000000004,-149.40000000000055,SL,RANGE
134,QUANT,BUY,2026-03-10 16:00:00,2026-03-10 19:00:00,2619.1200000000003,2605.2214285714285,0.01,2605.2214285714285,2646.827142857143,-138.98571428571813,SL,RANGE
135,QUANT,SELL,2026-03-11 09:00:00,2026-03-11 13:00:00,2604.97,2584.970714285714,0.01,2615.014642857143,2584.970714285714,199.99285714285634,TP,RANGE
137,QUANT,SELL,2026-03-11 17:00:00,2026-03-11 20:00:00,2555.1299999999997,2571.378214285714,0.01,2571.378214285714,2522.7235714285716,-162.48214285714312,SL,RANGE
136,ORB,SELL,2026-03-11 16:00:00,2026-03-12 04:00:00,2574.79,2587.11,0.01,2596.3700000000003,2540.98,-123.20000000000164,TIME,RANGE
138,ORB,BUY,2026-03-13 09:00:00,2026-03-13 11:00:00,2601.6200000000003,2606.9300000000003,0.01,2591.31,2606.9300000000003,53.099999999999454,TP,RANGE
139,QUANT,BUY,2026-03-13 10:00:00,2026-03-13 14:00:00,2600.4300000000003,2601.57,0.01,2590.5707142857145,2620.0585714285717,11.399999999998727,TIME,RANGE
140,QUANT,SELL,2026-03-13 14:00:00,2026-03-13 16:00:00,2601.54,2612.991428571429,0.01,2612.991428571429,2578.727142857143,-114.51428571429005,SL,RANGE
141,ORB,SELL,2026-03-13 14:00:00,2026-03-13 16:00:00,2601.54,2613.26,0.01,2613.26,2584.6700000000005,-117.20000000000255,SL,RANGE
142,QUANT,BUY,2026-03-13 16:00:00,2026-03-13 20:00:00,2611.73,2615.5,0.01,2597.6964285714284,2639.7071428571426,37.69999999999982,TIME,RANGE
144,ORB,BUY,2026-03-16 09:00:00,2026-03-16 10:00:00,2649.8900000000003,2625.21,0.01,2625.21,2667.9199999999996,-246.8000000000029,SL,RANGE
143,QUANT,BUY,2026-03-16 08:00:00,2026-03-16 12:00:00,2632.4300000000003,2654.5699999999997,0.01,2621.315,2654.5699999999997,221.39999999999418,TP,RANGE
145,ORB,SELL,2026-03-16 14:00:00,2026-03-16 17:00:00,2631.27,2648.1000000000004,0.01,2648.1000000000004,2612.5199999999995,-168.30000000000382,SL,RANGE
146,QUANT,BUY,2026-03-16 15:00:00,2026-03-16 19:00:00,2632.8100000000004,2650.56,0.01,2614.3525000000004,2669.635,177.49999999999545,TIME,RANGE
147,QUANT,BUY,2026-03-16 20:00:00,2026-03-17 00:00:00,2657.0600000000004,2661.33,0.01,2635.7503571428574,2699.589285714286,42.69999999999527,TIME,RANGE
148,ORB,SELL,2026-03-17 10:00:00,2026-03-17 12:00:00,2651.3199999999997,2662.32,0.01,2662.32,2643.47,-110.00000000000455,SL,RANGE
149,QUANT,BUY,2026-03-18 10:00:00,2026-03-18 11:00:00,2684.6200000000003,2676.3207142857145,0.01,2676.3207142857145,2701.128571428572,-82.99285714285816,SL,RANGE
150,QUANT,SELL,2026-03-18 11:00:00,2026-03-18 14:00:00,2677.41,2686.8878571428572,0.01,2686.8878571428572,2658.5442857142857,-94.77857142857374,SL,RANGE
151,ORB,SELL,2026-03-18 11:00:00,2026-03-18 15:00:00,2677.41,2693.04,0.01,2693.04,2657.3800000000006,-156.3000000000011,SL,RANGE
152,ORB,BUY,2026-03-19 09:00:00,2026-03-19 10:00:00,2678.11,2668.04,0.01,2668.04,2691.5,-100.70000000000164,SL,RANGE
153,QUANT,BUY,2026-03-20 00:00:00,2026-03-20 04:00:00,2689.59,2686.52,0.01,2675.5039285714283,2717.6721428571427,-30.700000000001637,TIME,RANGE
154,ORB,SELL,2026-03-20 10:00:00,2026-03-20 16:00:00,2664.4599999999996,2686.02,0.01,2686.02,2652.21,-215.600000000004,SL,RANGE
155,ORB,BUY,2026-03-23 10:00:00,2026-03-23 11:00:00,2710.01,2694.72,0.01,2694.72,2727.7999999999997,-152.90000000000418,SL,RANGE
156,QUANT,SELL,2026-03-24 06:00:00,2026-03-24 09:00:00,2707.93,2716.5207142857143,0.01,2716.5207142857143,2690.8385714285714,-85.90714285714512,SL,RANGE
157,ORB,BUY,2026-03-24 09:00:00,2026-03-24 12:00:00,2714.8900000000003,2719.72,0.01,2704.29,2719.72,48.299999999994725,TP,RANGE
158,QUANT,BUY,2026-03-24 13:00:00,2026-03-24 15:00:00,2733.3900000000003,2723.6325,0.01,2723.6325,2752.815,-97.57500000000164,SL,RANGE
159,ORB,BUY,2026-03-25 09:00:00,2026-03-25 10:00:00,2720.65,2712.66,0.01,2712.66,2734.6799999999994,-79.90000000000236,SL,RANGE
160,ORB,SELL,2026-03-25 10:00:00,2026-03-25 16:00:00,2711.16,2697.1300000000006,0.01,2719.79,2697.1300000000006,140.2999999999929,TP,RANGE
161,QUANT,SELL,2026-03-25 18:00:00,2026-03-25 22:00:00,2685.2,2680.37,0.01,2698.321785714286,2659.0464285714284,48.29999999999927,TIME,RANGE
162,ORB,BUY,2026-03-26 09:00:00,2026-03-26 10:00:00,2690.25,2694.269999999999,0.01,2674.5775000000003,2694.269999999999,40.19999999999072,TP,RANGE
163,QUANT,BUY,2026-03-26 10:00:00,2026-03-26 14:00:00,2693.96,2681.7253571428573,0.01,2681.7253571428573,2718.3392857142853,-122.34642857142717,SL,RANGE
164,ORB,SELL,2026-03-26 14:00:00,2026-03-26 20:00:00,2677.41,2659.8800000000006,0.01,2694.13,2659.8800000000006,175.2999999999929,TP,RANGE
165,QUANT,SELL,2026-03-26 18:00:00,2026-03-26 20:00:00,2661.2999999999997,2675.3742857142856,0.01,2675.3742857142856,2633.2414285714285,-140.74285714285907,SL,RANGE
166,QUANT,SELL,2026-03-27 05:00:00,2026-03-27 09:00:00,2665.6299999999997,2675.113214285714,0.01,2675.113214285714,2646.7535714285714,-94.83214285714439,SL,RANGE
167,QUANT,BUY,2026-03-30 08:00:00,2026-03-30 12:00:00,2698.48,2709.77,0.01,2687.599642857143,2720.150714285714,112.89999999999964,TIME,RANGE
168,ORB,BUY,2026-03-30 09:00:00,2026-03-30 15:00:00,2710.2000000000003,2684.2799999999997,0.01,2684.2799999999997,2747.55,-259.2000000000053,SL,RANGE
169,QUANT,BUY,2026-03-31 08:00:00,2026-03-31 10:00:00,2689.02,2710.7485714285713,0.01,2678.110714285714,2710.7485714285713,217.28571428571286,TP,RANGE
170,ORB,BUY,2026-03-31 09:00:00,2026-03-31 11:00:00,2699.57,2724.3600000000006,0.01,2679.6299999999997,2724.3600000000006,247.90000000000418,TP,RANGE
172,ORB,SELL,2026-03-31 14:00:00,2026-03-31 15:00:00,2691.43,2698.29,0.01,2698.29,2681.92,-68.60000000000127,SL,RANGE
171,QUANT,BUY,2026-03-31 13:00:00,2026-03-31 17:00:00,2693.59,2696.94,0.01,2677.820714285714,2725.0385714285717,33.49999999999909,TIME,RANGE
173,ORB,BUY,2026-03-31 15:00:00,2026-04-01 01:00:00,2698.69,2708.2,0.01,2693.4199999999996,2708.2,95.09999999999764,TP,RANGE
174,QUANT,BUY,2026-04-01 06:00:00,2026-04-01 09:00:00,2702.38,2719.5742857142855,0.01,2693.737857142857,2719.5742857142855,171.94285714285343,TP,RANGE
175,ORB,BUY,2026-04-01 09:00:00,2026-04-01 16:00:00,2719.2200000000003,2698.95,0.01,2698.95,2749.31,-202.70000000000437,SL,RANGE
176,QUANT,BUY,2026-04-02 08:00:00,2026-04-02 11:00:00,2703.6400000000003,2723.1700000000005,0.01,2693.83,2723.1700000000005,195.300000000002,TP,RANGE
177,ORB,BUY,2026-04-02 09:00:00,2026-04-02 13:00:00,2709.9,2690.1499999999996,0.01,2690.1499999999996,2737.05,-197.50000000000455,SL,RANGE
178,QUANT,SELL,2026-04-02 13:00:00,2026-04-02 17:00:00,2694.64,2703.38,0.01,2708.171071428572,2667.667857142857,-87.40000000000236,TIME,RANGE
179,QUANT,BUY,2026-04-03 09:00:00,2026-04-03 12:00:00,2706.2000000000003,2699.0985714285716,0.01,2699.0985714285716,2720.3128571428574,-71.01428571428642,SL,RANGE
180,ORB,SELL,2026-04-03 11:00:00,2026-04-03 14:00:00,2699.98,2683.63,0.01,2708.46,2683.63,163.4999999999991,TP,RANGE
181,QUANT,SELL,2026-04-03 16:00:00,2026-04-03 20:00:00,2688.39,2689.75,0.01,2701.0660714285714,2663.127857142857,-13.600000000001273,TIME,RANGE
182,ORB,BUY,2026-04-06 09:00:00,2026-04-06 15:00:00,2714.84,2736.1299999999997,0.01,2702.06,2736.1299999999997,212.8999999999951,TP,RANGE
183,QUANT,BUY,2026-04-06 16:00:00,2026-04-06 20:00:00,2750.0,2761.04,0.01,2738.0064285714284,2773.8971428571426,110.39999999999964,TIME,RANGE
185,QUANT,SELL,2026-04-07 10:00:00,2026-04-07 14:00:00,2754.3199999999997,2770.510357142857,0.01,2770.510357142857,2722.0292857142854,-161.90357142857465,SL,RANGE
184,ORB,SELL,2026-04-07 09:00:00,2026-04-07 17:00:00,2766.83,2784.27,0.01,2784.27,2736.140000000001,-174.40000000000055,SL,RANGE
186,QUANT,BUY,2026-04-07 14:00:00,2026-04-07 18:00:00,2767.2000000000003,2799.22,0.01,2748.970714285714,2803.5685714285714,320.19999999999527,TIME,RANGE
187,QUANT,BUY,2026-04-07 20:00:00,2026-04-08 00:00:00,2810.7000000000003,2816.6,0.01,2791.241785714286,2849.5264285714284,58.99999999999636,TIME,RANGE
188,QUANT,BUY,2026-04-08 09:00:00,2026-04-08 11:00:00,2836.1800000000003,2822.032857142857,0.01,2822.032857142857,2864.3842857142854,-141.4714285714308,SL,RANGE
189,ORB,BUY,2026-04-08 09:00:00,2026-04-08 12:00:00,2836.1800000000003,2804.1899999999996,0.01,2804.1899999999996,2894.9900000000002,-319.9000000000069,SL,RANGE
190,QUANT,SELL,2026-04-09 08:00:00,2026-04-09 11:00:00,2750.37,2729.322857142857,0.01,2760.938571428572,2729.322857142857,210.47142857142717,TP,RANGE
191,ORB,SELL,2026-04-09 09:00:00,2026-04-09 11:00:00,2746.75,2760.28,0.01,2760.28,2725.7400000000002,-135.300000000002,SL,RANGE
192,QUANT,SELL,2026-04-09 11:00:00,2026-04-09 15:00:00,2730.08,2704.0164285714286,0.01,2743.156785714286,2704.0164285714286,260.6357142857132,TP,RANGE
193,ORB,SELL,2026-04-09 15:00:00,2026-04-09 20:00:00,2703.4199999999996,2718.96,0.01,2718.96,2696.41,-155.40000000000418,SL,RANGE
194,QUANT,SELL,2026-04-09 18:00:00,2026-04-09 20:00:00,2700.6299999999997,2717.2135714285714,0.01,2717.2135714285714,2667.552857142857,-165.8357142857176,SL,RANGE
195,QUANT,SELL,2026-04-10 06:00:00,2026-04-10 09:00:00,2721.49,2732.082142857143,0.01,2732.082142857143,2700.3957142857143,-105.92142857143244,SL,RANGE
196,QUANT,BUY,2026-04-10 09:00:00,2026-04-10 13:00:00,2728.86,2750.9614285714288,0.01,2717.7642857142855,2750.9614285714288,221.01428571428642,TP,RANGE
197,ORB,BUY,2026-04-10 09:00:00,2026-04-10 13:00:00,2728.86,2747.3100000000004,0.01,2712.3999999999996,2747.3100000000004,184.50000000000273,TP,RANGE
199,QUANT,SELL,2026-04-10 17:00:00,2026-04-10 21:00:00,2730.14,2721.23,0.01,2748.9510714285716,2692.607857142857,89.09999999999854,TIME,RANGE
198,ORB,SELL,2026-04-10 16:00:00,2026-04-13 00:00:00,2729.1899999999996,2720.85,0.01,2765.3,2668.1999999999994,83.39999999999691,TIME,RANGE
200,QUANT,BUY,2026-04-13 08:00:00,2026-04-13 12:00:00,2729.2200000000003,2746.02,0.01,2718.282857142857,2751.0042857142857,167.99999999999727,TIME,RANGE
201,ORB,BUY,2026-04-13 09:00:00,2026-04-13 13:00:00,2732.73,2752.1400000000003,0.01,2722.8199999999997,2752.1400000000003,194.1000000000031,TP,RANGE
202,ORB,SELL,2026-04-13 14:00:00,2026-04-13 15:00:00,2740.9399999999996,2726.97,0.01,2752.4900000000002,2726.97,139.699999999998,TP,RANGE
203,QUANT,SELL,2026-04-13 15:00:00,2026-04-13 19:00:00,2728.8199999999997,2740.15,0.01,2745.404642857143,2695.740714285714,-113.30000000000382,TIME,RANGE
204,QUANT,BUY,2026-04-13 20:00:00,2026-04-14 00:00:00,2752.9500000000003,2758.89,0.01,2733.2057142857143,2792.3485714285716,59.399999999996,TIME,RANGE
205,QUANT,BUY,2026-04-14 06:00:00,2026-04-14 08:00:00,2755.52,2743.5446428571427,0.01,2743.5446428571427,2779.380714285714,-119.7535714285732,SL,RANGE
206,QUANT,BUY,2026-04-14 08:00:00,2026-04-14 12:00:00,2756.25,2781.3557142857144,0.01,2743.6521428571427,2781.3557142857144,251.05714285714384,TP,RANGE
207,ORB,BUY,2026-04-14 10:00:00,2026-04-14 12:00:00,2765.38,2795.9499999999994,0.01,2742.27,2795.9499999999994,305.69999999999254,TP,RANGE
208,QUANT,BUY,2026-04-14 16:00:00,2026-04-14 20:00:00,2807.1200000000003,2809.29,0.01,2787.556785714286,2846.156428571429,21.69999999999618,TIME,RANGE
209,ORB,BUY,2026-04-14 16:00:00,2026-04-15 04:00:00,2807.1200000000003,2807.0,0.01,2774.95,2839.87,-1.200000000003456,TIME,RANGE
210,ORB,SELL,2026-04-15 09:00:00,2026-04-15 10:00:00,2809.14,2805.656142857142,0.01,2815.8834642857146,2805.656142857142,34.83857142857687,TP,RANGE
211,QUANT,BUY,2026-04-15 14:00:00,2026-04-15 18:00:00,2853.73,2855.23,0.01,2840.5514285714285,2879.997142857143,15.0,TIME,RANGE
212,ORB,BUY,2026-04-15 14:00:00,2026-04-16 02:00:00,2853.73,2844.92,0.01,2819.47,2892.5199999999995,-88.09999999999945,TIME,RANGE
213,QUANT,BUY,2026-04-17 09:00:00,2026-04-17 13:00:00,2848.0800000000004,2844.02,0.01,2833.4367857142856,2877.276428571429,-40.600000000004,TIME,RANGE
214,ORB,BUY,2026-04-17 09:00:00,2026-04-17 18:00:00,2848.0800000000004,2825.1699999999996,0.01,2825.1699999999996,2861.51,-229.10000000000764,SL,RANGE
215,QUANT,SELL,2026-04-20 09:00:00,2026-04-20 13:00:00,2785.85,2789.66,0.01,2799.6789285714285,2758.282142857143,-38.099999999999454,TIME,RANGE
216,ORB,SELL,2026-04-20 09:00:00,2026-04-20 21:00:00,2785.85,2782.39,0.01,2821.88,2764.1000000000004,34.600000000000364,TIME,RANGE
217,QUANT,SELL,2026-04-21 09:00:00,2026-04-21 11:00:00,2750.5499999999997,2725.0864285714288,0.01,2763.3267857142855,2725.0864285714288,254.63571428570958,TP,RANGE
218,ORB,SELL,2026-04-21 09:00:00,2026-04-21 14:00:00,2750.5499999999997,2714.5,0.01,2772.4900000000002,2714.5,360.4999999999972,TP,RANGE
219,QUANT,SELL,2026-04-21 11:00:00,2026-04-21 15:00:00,2725.49,2701.76,0.01,2739.1207142857143,2698.318571428572,237.29999999999563,TIME,RANGE
220,QUANT,SELL,2026-04-21 15:00:00,2026-04-21 19:00:00,2701.73,2687.72,0.01,2717.6760714285715,2669.9278571428576,140.10000000000218,TIME,RANGE
221,QUANT,SELL,2026-04-22 08:00:00,2026-04-22 12:00:00,2677.89,2674.74,0.01,2688.590357142857,2656.5792857142856,31.50000000000091,TIME,RANGE
222,ORB,SELL,2026-04-22 10:00:00,2026-04-22 22:00:00,2675.8399999999997,2658.69,0.01,2691.59,2647.8100000000004,171.49999999999636,TIME,RANGE
224,QUANT,SELL,2026-04-23 11:00:00,2026-04-23 13:00:00,2650.75,2660.641428571429,0.01,2660.641428571429,2631.057142857143,-98.9142857142906,SL,RANGE
225,QUANT,BUY,2026-04-23 13:00:00,2026-04-23 14:00:00,2665.0,2654.0328571428568,0.01,2654.0328571428568,2686.844285714286,-109.67142857143244,SL,RANGE
223,ORB,BUY,2026-04-23 09:00:00,2026-04-23 16:00:00,2654.4900000000002,2668.2799999999997,0.01,2635.95,2668.2799999999997,137.8999999999951,TP,RANGE
226,QUANT,SELL,2026-04-23 14:00:00,2026-04-23 16:00:00,2654.4599999999996,2666.7535714285714,0.01,2666.7535714285714,2629.9628571428566,-122.93571428571795,SL,RANGE
227,QUANT,SELL,2026-04-24 06:00:00,2026-04-24 10:00:00,2663.3199999999997,2675.158214285714,0.01,2675.158214285714,2639.733571428571,-118.38214285714457,SL,RANGE
228,ORB,SELL,2026-04-24 09:00:00,2026-04-24 10:00:00,2658.5499999999997,2665.71,0.01,2665.71,2651.2800000000007,-71.60000000000309,SL,RANGE
229,QUANT,BUY,2026-04-24 10:00:00,2026-04-24 13:00:00,2680.48,2669.3767857142852,0.01,2669.3767857142852,2702.5964285714285,-111.03214285714785,SL,RANGE
230,ORB,BUY,2026-04-24 10:00:00,2026-04-24 14:00:00,2680.48,2661.96,0.01,2661.96,2687.749999999999,-185.19999999999982,SL,RANGE
231,QUANT,BUY,2026-04-27 08:00:00,2026-04-27 10:00:00,2649.2000000000003,2639.1307142857145,0.01,2639.1307142857145,2669.2485714285713,-100.69285714285797,SL,RANGE
232,ORB,SELL,2026-04-27 10:00:00,2026-04-27 16:00:00,2631.1099999999997,2652.5600000000004,0.01,2652.5600000000004,2590.599999999999,-214.50000000000728,SL,RANGE
233,QUANT,SELL,2026-04-28 07:00:00,2026-04-28 11:00:00,2646.81,2652.47,0.01,2656.8567857142857,2626.8064285714286,-56.599999999998545,TIME,RANGE
234,ORB,BUY,2026-04-28 09:00:00,2026-04-28 12:00:00,2649.07,2656.76,0.01,2645.0699999999997,2656.76,76.90000000000055,TP,RANGE
235,QUANT,BUY,2026-04-28 11:00:00,2026-04-28 15:00:00,2652.5,2665.51,0.01,2644.045357142857,2669.3192857142853,130.10000000000218,TIME,RANGE
236,QUANT,BUY,2026-04-28 15:00:00,2026-04-28 19:00:00,2665.5400000000004,2670.87,0.01,2655.0389285714286,2686.452142857143,53.299999999994725,TIME,RANGE
238,QUANT,BUY,2026-04-29 11:00:00,2026-04-29 12:00:00,2682.9700000000003,2674.4874999999997,0.01,2674.4874999999997,2699.8450000000003,-84.82500000000528,SL,RANGE
237,ORB,BUY,2026-04-29 10:00:00,2026-04-29 17:00:00,2683.0400000000004,2669.0299999999997,0.01,2669.0299999999997,2688.8100000000004,-140.10000000000673,SL,RANGE
239,ORB,BUY,2026-04-30 10:00:00,2026-04-30 14:00:00,2664.76,2650.97,0.01,2650.97,2674.4100000000003,-137.90000000000418,SL,RANGE
240,QUANT,SELL,2026-04-30 12:00:00,2026-04-30 15:00:00,2654.93,2634.937142857143,0.01,2664.9714285714285,2634.937142857143,199.92857142856792,TP,RANGE
241,QUANT,SELL,2026-04-30 19:00:00,2026-04-30 23:00:00,2640.7799999999997,2646.06,0.01,2657.0764285714286,2608.2771428571427,-52.800000000002,TIME,RANGE
242,ORB,BUY,2026-05-01 09:00:00,2026-05-01 11:00:00,2661.9500000000003,2653.12,0.01,2653.12,2672.88,-88.30000000000382,SL,RANGE
243,QUANT,SELL,2026-05-01 11:00:00,2026-05-01 12:00:00,2647.29,2660.0539285714285,0.01,2660.0539285714285,2621.852142857143,-127.6392857142855,SL,RANGE
244,ORB,SELL,2026-05-01 11:00:00,2026-05-01 12:00:00,2647.29,2658.7000000000003,0.01,2658.7000000000003,2636.36,-114.10000000000309,SL,RANGE
246,QUANT,SELL,2026-05-04 16:00:00,2026-05-04 17:00:00,2688.97,2702.71,0.01,2702.71,2661.58,-137.40000000000236,SL,RANGE
245,ORB,BUY,2026-05-04 10:00:00,2026-05-04 19:00:00,2698.9500000000003,2750.8999999999996,0.01,2669.02,2750.8999999999996,519.4999999999936,TP,RANGE
247,QUANT,BUY,2026-05-04 19:00:00,2026-05-04 23:00:00,2742.78,2736.95,0.01,2721.297857142857,2785.654285714286,-58.30000000000382,TIME,RANGE
248,ORB,BUY,2026-05-05 09:00:00,2026-05-05 11:00:00,2741.65,2746.84,0.01,2734.47,2746.84,51.900000000000546,TP,RANGE
250,ORB,BUY,2026-05-05 15:00:00,2026-05-05 18:00:00,2771.69,2786.74,0.01,2761.2799999999997,2786.74,150.49999999999727,TP,RANGE
249,QUANT,BUY,2026-05-05 15:00:00,2026-05-05 19:00:00,2771.69,2785.25,0.01,2758.133214285714,2798.7135714285714,135.59999999999945,TIME,RANGE
251,QUANT,BUY,2026-05-05 20:00:00,2026-05-06 00:00:00,2811.07,2816.24,0.01,2792.565357142857,2847.989285714286,51.69999999999618,TIME,RANGE
252,ORB,SELL,2026-05-06 10:00:00,2026-05-06 13:00:00,2806.85,2819.7400000000002,0.01,2819.7400000000002,2787.08,-128.90000000000327,SL,RANGE
253,QUANT,BUY,2026-05-06 11:00:00,2026-05-06 15:00:00,2811.3100000000004,2805.64,0.01,2797.804642857143,2838.2307142857144,-56.700000000005275,TIME,RANGE
254,ORB,SELL,2026-05-06 15:00:00,2026-05-06 18:00:00,2805.6099999999997,2820.23,0.01,2820.23,2787.4200000000005,-146.20000000000346,SL,RANGE
255,QUANT,BUY,2026-05-07 00:00:00,2026-05-07 04:00:00,2807.1600000000003,2802.52,0.01,2789.2285714285717,2842.932857142857,-46.400000000003274,TIME,RANGE
256,QUANT,BUY,2026-05-07 05:00:00,2026-05-07 09:00:00,2807.11,2808.9,0.01,2790.397857142857,2840.4442857142853,17.899999999999636,TIME,RANGE
258,ORB,SELL,2026-05-07 10:00:00,2026-05-07 12:00:00,2801.37,2819.48,0.01,2819.48,2778.44,-181.10000000000127,SL,RANGE
257,QUANT,BUY,2026-05-07 09:00:00,2026-05-07 13:00:00,2808.9300000000003,2801.19,0.01,2795.990357142857,2834.719285714286,-77.40000000000236,TIME,RANGE
259,QUANT,SELL,2026-05-08 11:00:00,2026-05-08 12:00:00,2808.6099999999997,2820.2146428571427,0.01,2820.2146428571427,2785.490714285714,-116.04642857143062,SL,RANGE
260,ORB,SELL,2026-05-08 11:00:00,2026-05-08 15:00:00,2808.6099999999997,2841.15,0.01,2841.15,2770.22,-325.4000000000042,SL,RANGE
261,QUANT,BUY,2026-05-11 01:00:00,2026-05-11 03:00:00,2842.2200000000003,2827.9753571428573,0.01,2827.9753571428573,2870.6192857142855,-142.44642857142935,SL,RANGE
262,QUANT,SELL,2026-05-12 03:00:00,2026-05-12 07:00:00,2824.5699999999997,2825.62,0.01,2839.7692857142856,2794.2614285714285,-10.500000000001819,TIME,RANGE
263,ORB,BUY,2026-05-12 10:00:00,2026-05-12 12:00:00,2826.9700000000003,2860.2400000000002,0.01,2810.0499999999997,2860.2400000000002,332.6999999999999,TP,RANGE
264,ORB,SELL,2026-05-12 14:00:00,2026-05-12 16:00:00,2847.68,2842.1947142857143,0.01,2855.243821428571,2842.1947142857143,54.8528571428551,TP,RANGE
265,QUANT,BUY,2026-05-12 18:00:00,2026-05-12 22:00:00,2839.65,2832.82,0.01,2822.9560714285712,2872.947857142857,-68.29999999999927,TIME,RANGE
266,QUANT,SELL,2026-05-13 00:00:00,2026-05-13 04:00:00,2830.6699999999996,2802.6671428571426,0.01,2844.7164285714284,2802.6671428571426,280.0285714285701,TP,RANGE
267,QUANT,SELL,2026-05-13 08:00:00,2026-05-13 10:00:00,2823.97,2837.346785714286,0.01,2837.346785714286,2797.3064285714286,-133.76785714286143,SL,RANGE
268,ORB,BUY,2026-05-13 09:00:00,2026-05-13 10:00:00,2825.7000000000003,2831.45,0.01,2821.83,2831.45,57.49999999999545,TP,RANGE
269,QUANT,BUY,2026-05-13 13:00:00,2026-05-13 16:00:00,2865.36,2844.3782142857144,0.01,2844.3782142857144,2907.2335714285714,-209.81785714285706,SL,RANGE
271,QUANT,SELL,2026-05-13 19:00:00,2026-05-13 23:00:00,2837.5099999999998,2839.24,0.01,2862.7667857142856,2787.0864285714288,-17.300000000000182,TIME,RANGE
270,ORB,SELL,2026-05-13 15:00:00,2026-05-14 03:00:00,2849.79,2833.64,0.01,2871.0,2824.4600000000005,161.5000000000009,TIME,RANGE
272,QUANT,SELL,2026-05-14 00:00:00,2026-05-14 04:00:00,2832.23,2839.03,0.01,2852.8185714285714,2791.1428571428573,-68.00000000000182,TIME,RANGE
273,QUANT,BUY,2026-05-14 11:00:00,2026-05-14 13:00:00,2847.46,2839.3567857142857,0.01,2839.3567857142857,2863.576428571428,-81.0321428571433,SL,RANGE
274,QUANT,SELL,2026-05-14 15:00:00,2026-05-14 18:00:00,2841.3399999999997,2854.2925,0.01,2854.2925,2815.525,-129.52500000000327,SL,RANGE
275,ORB,SELL,2026-05-14 16:00:00,2026-05-15 04:00:00,2833.0499999999997,2844.23,0.01,2873.5600000000004,2761.1399999999994,-111.80000000000291,TIME,RANGE
276,ORB,BUY,2026-05-18 09:00:00,2026-05-18 10:00:00,2891.25,2899.64,0.01,2876.02,2899.64,83.89999999999873,TP,RANGE
277,QUANT,BUY,2026-05-18 13:00:00,2026-05-18 15:00:00,2891.02,2916.9142857142856,0.01,2878.027857142857,2916.9142857142856,258.94285714285616,TP,RANGE
278,ORB,BUY,2026-05-18 14:00:00,2026-05-18 20:00:00,2906.1800000000003,2924.1299999999997,0.01,2882.98,2924.1299999999997,179.49999999999363,TP,RANGE
279,QUANT,BUY,2026-05-18 19:00:00,2026-05-18 23:00:00,2917.19,2922.38,0.01,2898.7110714285714,2954.057857142857,51.900000000000546,TIME,RANGE
280,ORB,SELL,2026-05-19 09:00:00,2026-05-19 11:00:00,2903.3399999999997,2921.21,0.01,2921.21,2886.51,-178.70000000000346,SL,RANGE
281,QUANT,SELL,2026-05-20 04:00:00,2026-05-20 08:00:00,2896.8199999999997,2884.04,0.01,2907.257857142857,2876.0342857142855,127.79999999999745,TIME,RANGE
282,QUANT,SELL,2026-05-20 15:00:00,2026-05-20 17:00:00,2889.0,2868.147857142857,0.01,2899.4710714285716,2868.147857142857,208.52142857143008,TP,RANGE
283,ORB,SELL,2026-05-20 16:00:00,2026-05-20 17:00:00,2885.6899999999996,2874.7599999999998,0.01,2892.3100000000004,2874.7599999999998,109.29999999999836,TP,RANGE
284,QUANT,SELL,2026-05-20 17:00:00,2026-05-20 20:00:00,2866.33,2880.2050000000004,0.01,2880.2050000000004,2838.67,-138.75000000000455,SL,RANGE
285,QUANT,SELL,2026-05-20 23:00:00,2026-05-21 03:00:00,2872.89,2876.56,0.01,2886.664285714286,2845.4314285714286,-36.70000000000073,TIME,RANGE
286,ORB,SELL,2026-05-21 09:00:00,2026-05-21 10:00:00,2862.83,2874.8048571428576,0.01,2874.8048571428576,2859.5205714285707,-119.74857142857672,SL,RANGE
287,QUANT,BUY,2026-05-21 10:00:00,2026-05-21 14:00:00,2883.4500000000003,2880.23,0.01,2871.3214285714284,2907.617142857143,-32.20000000000255,TIME,RANGE
288,ORB,BUY,2026-05-21 10:00:00,2026-05-21 14:00:00,2883.4500000000003,2886.7594285714295,0.01,2873.0351428571425,2886.7594285714295,33.0942857142918,TP,RANGE
289,QUANT,SELL,2026-05-22 03:00:00,2026-05-22 06:00:00,2881.6699999999996,2898.02,0.01,2898.02,2849.06,-163.50000000000364,SL,RANGE
290,QUANT,SELL,2026-05-25 04:00:00,2026-05-25 08:00:00,2882.3999999999996,2899.4025,0.01,2899.4025,2848.4849999999997,-170.0250000000051,SL,RANGE
291,QUANT,BUY,2026-05-26 03:00:00,2026-05-26 05:00:00,2931.4300000000003,2917.838928571429,0.01,2917.838928571429,2958.5221428571426,-135.91071428571468,SL,RANGE
292,ORB,BUY,2026-05-27 09:00:00,2026-05-27 10:00:00,2847.98,2854.2299999999996,0.01,2834.81,2854.2299999999996,62.49999999999545,TP,RANGE
293,QUANT,BUY,2026-05-27 10:00:00,2026-05-27 11:00:00,2856.53,2844.534285714286,0.01,2844.534285714286,2880.4314285714286,-119.95714285714257,SL,RANGE
295,QUANT,BUY,2026-05-28 12:00:00,2026-05-28 14:00:00,2769.7000000000003,2758.4885714285715,0.01,2758.4885714285715,2792.032857142857,-112.11428571428769,SL,RANGE
294,ORB,BUY,2026-05-28 09:00:00,2026-05-28 21:00:00,2759.17,2752.38,0.01,2735.22,2778.9,-67.89999999999964,TIME,RANGE
296,QUANT,BUY,2026-05-29 10:00:00,2026-05-29 13:00:00,2764.36,2753.174285714286,0.01,2753.174285714286,2786.6414285714286,-111.85714285714312,SL,RANGE
297,ORB,SELL,2026-06-01 09:00:00,2026-06-01 13:00:00,2684.97,2698.96,0.01,2698.96,2665.26,-139.90000000000236,SL,RANGE
298,QUANT,SELL,2026-06-02 00:00:00,2026-06-02 04:00:00,2690.24,2691.37,0.01,2704.9110714285716,2660.9878571428567,-11.300000000001091,TIME,RANGE
299,ORB,BUY,2026-06-02 09:00:00,2026-06-02 11:00:00,2702.2200000000003,2687.24,0.01,2687.24,2708.93,-149.80000000000473,SL,RANGE
300,QUANT,SELL,2026-06-03 08:00:00,2026-06-03 09:00:00,2671.0,2683.8635714285715,0.01,2683.8635714285715,2645.3628571428576,-128.63571428571504,SL,RANGE
301,QUANT,BUY,2026-06-03 09:00:00,2026-06-03 13:00:00,2682.46,2685.62,0.01,2668.490714285714,2710.308571428571,31.599999999998545,TIME,RANGE
302,QUANT,SELL,2026-06-04 08:00:00,2026-06-04 12:00:00,2736.37,2734.46,0.01,2752.2785714285715,2704.642857142857,19.099999999998545,TIME,RANGE
303,ORB,SELL,2026-06-04 11:00:00,2026-06-04 15:00:00,2732.95,2748.86,0.01,2748.86,2705.7400000000002,-159.1000000000031,SL,RANGE
304,ORB,SELL,2026-06-05 09:00:00,2026-06-05 16:00:00,2722.5099999999998,2743.94,0.01,2743.94,2687.1000000000004,-214.3000000000029,SL,RANGE
305,QUANT,SELL,2026-06-08 00:00:00,2026-06-08 03:00:00,2737.0099999999998,2751.0885714285714,0.01,2751.0885714285714,2708.9428571428566,-140.7857142857165,SL,RANGE
306,QUANT,BUY,2026-06-09 11:00:00,2026-06-09 15:00:00,2694.8500000000004,2694.42,0.01,2685.4814285714288,2713.497142857143,-4.30000000000291,TIME,RANGE
307,ORB,BUY,2026-06-09 11:00:00,2026-06-09 19:00:00,2694.8500000000004,2674.46,0.01,2674.46,2719.7799999999993,-203.90000000000327,SL,RANGE
308,QUANT,BUY,2026-06-10 08:00:00,2026-06-10 12:00:00,2716.6000000000004,2718.77,0.01,2703.239285714286,2743.2314285714288,21.69999999999618,TIME,RANGE
309,ORB,BUY,2026-06-10 09:00:00,2026-06-10 13:00:00,2720.1600000000003,2704.2799999999997,0.01,2704.2799999999997,2745.33,-158.80000000000564,SL,RANGE
310,QUANT,SELL,2026-06-10 13:00:00,2026-06-10 15:00:00,2700.98,2715.3735714285717,0.01,2715.3735714285717,2672.2828571428577,-143.93571428571704,SL,RANGE
311,QUANT,BUY,2026-06-11 09:00:00,2026-06-11 11:00:00,2734.3,2723.1485714285714,0.01,2723.1485714285714,2756.512857142857,-111.51428571428823,SL,RANGE
312,ORB,BUY,2026-06-11 09:00:00,2026-06-11 11:00:00,2734.3,2725.1,0.01,2725.1,2744.93,-92.00000000000273,SL,RANGE
313,ORB,BUY,2026-06-12 09:00:00,2026-06-12 14:00:00,2683.9700000000003,2696.7999999999997,0.01,2670.62,2696.7999999999997,128.29999999999472,TP,RANGE
314,QUANT,BUY,2026-06-12 17:00:00,2026-06-12 21:00:00,2708.9700000000003,2718.66,0.01,2693.9539285714286,2738.912142857143,96.899999999996,TIME,RANGE
315,QUANT,BUY,2026-06-15 08:00:00,2026-06-15 09:00:00,2729.52,2721.597857142857,0.01,2721.597857142857,2745.2742857142853,-79.22142857143172,SL,RANGE
316,QUANT,SELL,2026-06-16 01:00:00,2026-06-16 05:00:00,2726.39,2724.39,0.01,2741.8292857142856,2695.6014285714286,20.0,TIME,RANGE
317,QUANT,BUY,2026-06-16 07:00:00,2026-06-16 09:00:00,2733.42,2758.2599999999998,0.01,2720.955,2758.2599999999998,248.3999999999969,TP,RANGE
318,ORB,SELL,2026-06-16 09:00:00,2026-06-16 15:00:00,2725.8799999999997,2748.44,0.01,2748.44,2686.41,-225.600000000004,SL,RANGE
319,QUANT,BUY,2026-06-16 12:00:00,2026-06-16 15:00:00,2730.0,2714.3892857142855,0.01,2714.3892857142855,2761.1314285714284,-156.10714285714494,SL,RANGE
320,QUANT,SELL,2026-06-17 11:00:00,2026-06-17 13:00:00,2662.4599999999996,2637.630714285714,0.01,2674.9196428571427,2637.630714285714,248.2928571428556,TP,RANGE
322,QUANT,SELL,2026-06-17 16:00:00,2026-06-17 20:00:00,2639.5699999999997,2643.86,0.01,2659.0367857142855,2600.726428571428,-42.900000000004184,TIME,RANGE
321,ORB,SELL,2026-06-17 11:00:00,2026-06-17 23:00:00,2662.4599999999996,2644.78,0.01,2691.2200000000003,2620.0299999999997,176.79999999999382,TIME,RANGE
323,QUANT,SELL,2026-06-17 20:00:00,2026-06-18 00:00:00,2643.83,2646.2,0.01,2666.137142857143,2599.305714285714,-23.69999999999891,TIME,RANGE
324,QUANT,BUY,2026-06-18 08:00:00,2026-06-18 12:00:00,2656.2000000000003,2660.88,0.01,2648.548928571429,2671.412142857143,46.79999999999836,TIME,RANGE
325,ORB,BUY,2026-06-18 10:00:00,2026-06-18 14:00:00,2664.6200000000003,2680.59,0.01,2650.21,2680.59,159.699999999998,TP,RANGE
326,QUANT,BUY,2026-06-18 19:00:00,2026-06-18 23:00:00,2661.88,2668.08,0.01,2648.4957142857143,2688.558571428571,61.99999999999818,TIME,RANGE
327,QUANT,BUY,2026-06-19 01:00:00,2026-06-19 05:00:00,2667.23,2660.46,0.01,2655.1485714285714,2691.3028571428567,-67.69999999999982,TIME,RANGE
328,QUANT,BUY,2026-06-22 09:00:00,2026-06-22 10:00:00,2633.8500000000004,2624.471785714286,0.01,2624.471785714286,2652.516428571429,-93.78214285714421,SL,RANGE
329,ORB,BUY,2026-06-22 09:00:00,2026-06-22 11:00:00,2633.8500000000004,2621.2999999999997,0.01,2621.2999999999997,2646.140000000001,-125.50000000000637,SL,RANGE
331,ORB,BUY,2026-06-23 09:00:00,2026-06-23 10:00:00,2614.02,2610.5899999999997,0.01,2610.5899999999997,2620.4300000000003,-34.30000000000291,SL,RANGE
330,QUANT,BUY,2026-06-23 08:00:00,2026-06-23 11:00:00,2611.3500000000004,2629.6178571428572,0.01,2602.1710714285714,2629.6178571428572,182.67857142856883,TP,RANGE
332,QUANT,BUY,2026-06-23 11:00:00,2026-06-23 15:00:00,2631.8500000000004,2623.68,0.01,2621.1657142857143,2653.1285714285714,-81.70000000000528,TIME,RANGE
334,QUANT,BUY,2026-06-23 15:00:00,2026-06-23 16:00:00,2623.71,2612.635714285714,0.01,2612.635714285714,2645.7685714285712,-110.74285714285907,SL,RANGE
333,ORB,SELL,2026-06-23 14:00:00,2026-06-23 18:00:00,2626.37,2603.0000000000005,0.01,2638.76,2603.0000000000005,233.69999999999436,TP,RANGE
335,QUANT,SELL,2026-06-23 18:00:00,2026-06-23 20:00:00,2596.0699999999997,2609.9985714285713,0.01,2609.9985714285713,2568.302857142857,-139.28571428571558,SL,RANGE
336,QUANT,BUY,2026-06-24 04:00:00,2026-06-24 08:00:00,2620.0,2646.63,0.01,2605.2828571428568,2649.344285714286,266.3000000000011,TIME,RANGE
337,QUANT,BUY,2026-06-24 08:00:00,2026-06-24 12:00:00,2646.6600000000003,2645.26,0.01,2632.7314285714288,2674.4271428571433,-14.00000000000091,TIME,RANGE
339,QUANT,BUY,2026-06-24 13:00:00,2026-06-24 17:00:00,2644.86,2650.98,0.01,2633.000357142857,2668.489285714286,61.19999999999891,TIME,RANGE
338,ORB,BUY,2026-06-24 09:00:00,2026-06-24 21:00:00,2648.8,2647.24,0.01,2631.85,2681.4900000000002,-15.600000000004002,TIME,RANGE
341,QUANT,SELL,2026-06-25 12:00:00,2026-06-25 14:00:00,2631.7099999999996,2642.243214285714,0.01,2642.243214285714,2610.733571428571,-105.33214285714621,SL,RANGE
340,ORB,BUY,2026-06-25 09:00:00,2026-06-25 15:00:00,2632.02,2665.1900000000005,0.01,2609.6499999999996,2665.1900000000005,331.7000000000052,TP,RANGE
342,QUANT,BUY,2026-06-25 14:00:00,2026-06-25 18:00:00,2653.2000000000003,2653.51,0.01,2640.827142857143,2677.855714285715,3.0999999999994543,TIME,RANGE
343,QUANT,BUY,2026-06-25 19:00:00,2026-06-25 23:00:00,2658.75,2649.99,0.01,2643.3149999999996,2689.53,-87.60000000000218,TIME,RANGE
344,QUANT,SELL,2026-06-26 00:00:00,2026-06-26 04:00:00,2644.81,2644.78,0.01,2658.3357142857144,2617.8485714285716,0.2999999999974534,TIME,RANGE
345,QUANT,SELL,2026-06-26 04:00:00,2026-06-26 08:00:00,2644.75,2622.2671428571434,0.01,2656.0364285714286,2622.2671428571434,224.82857142856574,TP,RANGE
346,ORB,BUY,2026-06-26 09:00:00,2026-06-26 11:00:00,2644.34,2677.19,0.01,2620.33,2677.19,328.49999999999915,TP,RANGE
347,QUANT,BUY,2026-06-26 10:00:00,2026-06-26 14:00:00,2655.44,2667.66,0.01,2641.787857142857,2682.6542857142854,122.199999999998,TIME,RANGE
348,ORB,SELL,2026-06-26 14:00:00,2026-06-26 18:00:00,2667.6299999999997,2643.0200000000004,0.01,2682.13,2643.0200000000004,246.09999999999218,TP,RANGE
349,QUANT,BUY,2026-06-26 16:00:00,2026-06-26 18:00:00,2660.13,2641.930714285714,0.01,2641.930714285714,2696.4385714285713,-181.99285714285907,SL,RANGE
350,QUANT,SELL,2026-06-26 19:00:00,2026-06-26 23:00:00,2625.1099999999997,2614.42,0.01,2654.5914285714284,2566.2371428571428,106.899999999996,TIME,RANGE
351,ORB,BUY,2026-06-29 09:00:00,2026-06-29 14:00:00,2620.3,2611.48,0.01,2611.48,2631.649999999999,-88.20000000000164,SL,RANGE
352,QUANT,SELL,2026-06-29 12:00:00,2026-06-29 16:00:00,2613.64,2604.78,0.01,2623.6310714285714,2593.747857142857,88.59999999999673,TIME,RANGE
353,QUANT,SELL,2026-06-29 16:00:00,2026-06-29 20:00:00,2604.75,2600.24,0.01,2615.974285714286,2582.3914285714286,45.10000000000218,TIME,RANGE
354,ORB,BUY,2026-06-30 10:00:00,2026-06-30 11:00:00,2613.51,2619.6200000000003,0.01,2604.7799999999997,2619.6200000000003,61.10000000000127,TP,RANGE
355,QUANT,BUY,2026-06-30 11:00:00,2026-06-30 15:00:00,2618.8300000000004,2625.85,0.01,2611.8678571428572,2632.6642857142856,70.19999999999527,TIME,RANGE
357,ORB,BUY,2026-06-30 15:00:00,2026-06-30 16:00:00,2625.88,2633.35,0.01,2616.64,2633.35,74.699999999998,TP,RANGE
356,QUANT,BUY,2026-06-30 15:00:00,2026-06-30 18:00:00,2625.88,2643.423571428571,0.01,2617.0632142857144,2643.423571428571,175.43571428570885,TP,RANGE
358,QUANT,BUY,2026-06-30 18:00:00,2026-06-30 20:00:00,2659.46,2647.270357142857,0.01,2647.270357142857,2683.7492857142856,-121.89642857143099,SL,RANGE
359,QUANT,BUY,2026-07-01 09:00:00,2026-07-01 12:00:00,2645.6400000000003,2632.858928571429,0.01,2632.858928571429,2671.1121428571428,-127.81071428571522,SL,RANGE
360,QUANT,BUY,2026-07-02 04:00:00,2026-07-02 05:00:00,2635.0800000000004,2626.6607142857147,0.01,2626.6607142857147,2651.8285714285716,-84.19285714285706,SL,RANGE
361,QUANT,SELL,2026-07-03 10:00:00,2026-07-03 14:00:00,2638.0699999999997,2649.3596428571427,0.01,2649.3596428571427,2615.5807142857143,-112.89642857143008,SL,RANGE
362,ORB,SELL,2026-07-03 10:00:00,2026-07-03 15:00:00,2638.0699999999997,2664.52,0.01,2664.52,2589.32,-264.50000000000273,SL,RANGE
363,ORB,SELL,2026-07-06 09:00:00,2026-07-06 11:00:00,2618.85,2598.6800000000003,0.01,2639.63,2598.6800000000003,201.69999999999618,TP,RANGE
364,QUANT,SELL,2026-07-06 10:00:00,2026-07-06 11:00:00,2614.74,2593.3007142857145,0.01,2625.5046428571427,2593.3007142857145,214.39285714285234,TP,RANGE
365,QUANT,SELL,2026-07-06 12:00:00,2026-07-06 15:00:00,2598.0899999999997,2611.0125,0.01,2611.0125,2572.335,-129.22500000000127,SL,RANGE
366,ORB,BUY,2026-07-06 14:00:00,2026-07-06 15:00:00,2606.98,2622.9699999999993,0.01,2597.87,2622.9699999999993,159.89999999999327,TP,RANGE
367,QUANT,SELL,2026-07-06 16:00:00,2026-07-06 20:00:00,2604.0699999999997,2580.89,0.01,2621.360714285714,2569.5785714285716,231.79999999999836,TIME,RANGE
368,QUANT,SELL,2026-07-06 20:00:00,2026-07-07 00:00:00,2580.8599999999997,2574.61,0.01,2602.4621428571427,2537.7457142857143,62.49999999999545,TIME,RANGE
369,QUANT,SELL,2026-07-07 11:00:00,2026-07-07 14:00:00,2592.6299999999997,2605.4132142857143,0.01,2605.4132142857143,2567.153571428571,-127.83214285714621,SL,RANGE
370,ORB,SELL,2026-07-07 11:00:00,2026-07-07 15:00:00,2592.6299999999997,2607.26,0.01,2607.26,2572.1399999999994,-146.30000000000564,SL,RANGE
371,QUANT,BUY,2026-07-08 14:00:00,2026-07-08 16:00:00,2666.13,2651.145,0.01,2651.145,2696.0099999999998,-149.85000000000127,SL,RANGE
373,ORB,SELL,2026-07-09 09:00:00,2026-07-09 12:00:00,2639.95,2619.7400000000002,0.01,2656.78,2619.7400000000002,202.09999999999582,TP,RANGE
372,QUANT,SELL,2026-07-09 09:00:00,2026-07-09 13:00:00,2639.95,2620.34,0.01,2650.9439285714284,2618.052142857143,196.09999999999673,TIME,RANGE
374,QUANT,SELL,2026-07-09 14:00:00,2026-07-09 16:00:00,2619.45,2591.5564285714286,0.01,2633.4417857142857,2591.5564285714286,278.9357142857125,TP,RANGE
375,ORB,BUY,2026-07-09 15:00:00,2026-07-09 16:00:00,2622.38,2618.9433214285714,0.01,2618.9433214285714,2628.0367142857135,-34.36678571428729,SL,RANGE
377,ORB,SELL,2026-07-09 16:00:00,2026-07-09 17:00:00,2599.49,2593.8332857142864,0.01,2621.8866785714285,2593.8332857142864,56.56714285713406,TP,RANGE
376,QUANT,SELL,2026-07-09 16:00:00,2026-07-09 20:00:00,2599.49,2578.9,0.01,2616.8171428571427,2564.925714285714,205.8999999999969,TIME,RANGE
378,ORB,BUY,2026-07-10 09:00:00,2026-07-10 11:00:00,2602.1000000000004,2585.66,0.01,2585.66,2627.19,-164.4000000000051,SL,RANGE
379,QUANT,BUY,2026-07-13 08:00:00,2026-07-13 11:00:00,2624.07,2616.0589285714286,0.01,2616.0589285714286,2640.0021428571426,-80.1107142857154,SL,RANGE
381,QUANT,BUY,2026-07-13 13:00:00,2026-07-13 15:00:00,2616.7900000000004,2602.596785714286,0.01,2602.596785714286,2645.0864285714288,-141.93214285714475,SL,RANGE
380,ORB,SELL,2026-07-13 11:00:00,2026-07-13 16:00:00,2608.1,2628.8,0.01,2628.8,2573.5699999999997,-207.00000000000273,SL,RANGE
382,QUANT,SELL,2026-07-14 03:00:00,2026-07-14 07:00:00,2614.8599999999997,2615.31,0.01,2630.3614285714284,2583.9471428571424,-4.5000000000027285,TIME,RANGE
383,QUANT,SELL,2026-07-14 11:00:00,2026-07-14 12:00:00,2610.6699999999996,2618.2225,0.01,2618.2225,2595.6549999999997,-75.52500000000236,SL,RANGE
384,QUANT,BUY,2026-07-14 12:00:00,2026-07-14 16:00:00,2617.94,2611.63,0.01,2609.7371428571428,2634.255714285714,-63.099999999999454,TIME,RANGE
385,QUANT,SELL,2026-07-15 09:00:00,2026-07-15 12:00:00,2603.79,2584.414285714286,0.01,2613.5228571428574,2584.414285714286,193.75714285713912,TP,RANGE
387,QUANT,SELL,2026-07-15 15:00:00,2026-07-15 17:00:00,2583.18,2597.585357142857,0.01,2597.585357142857,2554.459285714286,-144.05357142857156,SL,RANGE
386,ORB,SELL,2026-07-15 11:00:00,2026-07-15 20:00:00,2592.1699999999996,2572.8199999999997,0.01,2606.44,2572.8199999999997,193.4999999999991,TP,RANGE
388,QUANT,SELL,2026-07-15 20:00:00,2026-07-16 00:00:00,2558.18,2553.92,0.01,2579.130714285714,2516.3685714285716,42.599999999997635,TIME,RANGE
389,ORB,BUY,2026-07-16 10:00:00,2026-07-16 13:00:00,2562.5600000000004,2568.7100000000005,0.01,2556.93,2568.7100000000005,61.50000000000091,TP,RANGE
390,QUANT,BUY,2026-07-16 14:00:00,2026-07-16 15:00:00,2590.76,2580.8535714285713,0.01,2580.8535714285713,2610.482857142857,-99.06428571428933,SL,RANGE
392,QUANT,BUY,2026-07-16 18:00:00,2026-07-16 19:00:00,2595.6400000000003,2584.1628571428573,0.01,2584.1628571428573,2618.5042857142857,-114.77142857143008,SL,RANGE
391,ORB,BUY,2026-07-16 14:00:00,2026-07-17 02:00:00,2590.76,2592.93,0.01,2562.18,2621.89,21.69999999999618,TIME,RANGE
394,QUANT,BUY,2026-07-17 16:00:00,2026-07-17 20:00:00,2609.9100000000003,2604.77,0.01,2594.4375,2640.7650000000003,-51.400000000003274,TIME,RANGE
393,ORB,BUY,2026-07-17 09:00:00,2026-07-17 21:00:00,2605.4100000000003,2604.82,0.01,2587.22,2638.3,-5.900000000001455,TIME,RANGE
395,QUANT,SELL,2026-07-20 00:00:00,2026-07-20 04:00:00,2597.0299999999997,2592.55,0.01,2609.995357142857,2571.1892857142857,44.799999999995634,TIME,RANGE
396,QUANT,BUY,2026-07-20 08:00:00,2026-07-20 12:00:00,2603.1000000000004,2620.131428571429,0.01,2594.539285714286,2620.131428571429,170.31428571428478,TP,RANGE
398,QUANT,BUY,2026-07-20 12:00:00,2026-07-20 15:00:00,2629.71,2617.996071428571,0.01,2617.996071428571,2653.047857142857,-117.13928571428823,SL,RANGE
399,QUANT,BUY,2026-07-20 16:00:00,2026-07-20 19:00:00,2613.26,2599.3753571428574,0.01,2599.3753571428574,2640.9392857142857,-138.84642857142808,SL,RANGE
397,ORB,BUY,2026-07-20 09:00:00,2026-07-20 21:00:00,2610.15,2611.78,0.01,2593.37,2636.8,16.30000000000109,TIME,RANGE
400,QUANT,BUY,2026-07-21 05:00:00,2026-07-21 09:00:00,2619.77,2629.21,0.01,2608.658214285714,2641.903571428571,94.40000000000055,TIME,RANGE
401,QUANT,SELL,2026-07-21 16:00:00,2026-07-21 20:00:00,2609.12,2591.37,0.01,2622.782857142857,2581.884285714286,177.5,TIME,RANGE
402,ORB,BUY,2026-07-22 09:00:00,2026-07-22 14:00:00,2585.9,2610.75,0.01,2572.9399999999996,2610.75,248.4999999999991,TP,RANGE
403,QUANT,BUY,2026-07-22 12:00:00,2026-07-22 16:00:00,2605.86,2619.57,0.01,2594.056071428571,2629.377857142857,137.10000000000036,TIME,RANGE
404,QUANT,BUY,2026-07-22 16:00:00,2026-07-22 20:00:00,2619.6000000000004,2612.3,0.01,2606.974285714286,2644.761428571429,-73.00000000000182,TIME,RANGE
405,QUANT,BUY,2026-07-23 09:00:00,2026-07-23 11:00:00,2629.6000000000004,2644.4757142857147,0.02,2622.117142857143,2644.4757142857147,297.5142857142873,TP,RANGE
406,ORB,BUY,2026-07-23 09:00:00,2026-07-23 11:00:00,2629.6000000000004,2648.77,0.02,2618.39,2648.77,383.39999999999236,TP,RANGE
408,QUANT,BUY,2026-07-23 17:00:00,2026-07-23 21:00:00,2652.5,2651.78,0.01,2637.2342857142853,2682.9414285714283,-7.199999999997999,TIME,RANGE
407,ORB,SELL,2026-07-23 15:00:00,2026-07-24 03:00:00,2640.5099999999998,2651.51,0.01,2661.19,2616.58,-110.00000000000455,TIME,RANGE
409,QUANT,BUY,2026-07-27 08:00:00,2026-07-27 12:00:00,2654.9900000000002,2659.73,0.01,2642.6042857142857,2679.671428571429,47.39999999999782,TIME,RANGE
410,ORB,BUY,2026-07-27 10:00:00,2026-07-27 16:00:00,2659.76,2684.0500000000006,0.01,2644.1699999999996,2684.0500000000006,242.90000000000418,TP,RANGE
411,QUANT,BUY,2026-07-27 15:00:00,2026-07-27 17:00:00,2673.36,2701.605,0.01,2659.1924999999997,2701.605,282.4499999999989,TP,RANGE
412,QUANT,BUY,2026-07-27 17:00:00,2026-07-27 21:00:00,2700.21,2705.49,0.01,2682.115714285714,2736.3085714285717,52.79999999999745,TIME,RANGE
